{"eval/loss": 1.0131666660308838, "eval/bleu": 49.998, "eval/gen_len": 37.54, "eval/runtime": 26.7594, "eval/samples_per_second": 3.737, "eval/steps_per_second": 0.486, "train/epoch": 1.14, "train/global_step": 500, "_timestamp": 1693290342.9033804, "_runtime": 342.78231930732727, "_step": 5, "train/loss": 0.9787, "train/learning_rate": 1.2389649923896501e-05}