{"eval/loss": 0.9875800609588623, "eval/bleu": 49.6347, "eval/gen_len": 37.37, "eval/runtime": 26.9856, "eval/samples_per_second": 3.706, "eval/steps_per_second": 0.482, "train/epoch": 1.0, "train/global_step": 438, "_timestamp": 1693288933.0295768, "_runtime": 295.4628417491913, "_step": 4, "train/train_runtime": 298.2406, "train/train_samples_per_second": 11.735, "train/train_steps_per_second": 1.469, "train/total_flos": 564520373846016.0, "train/train_loss": 1.026089672628603, "_wandb": {"runtime": 294}}